{
  "config": {
    "K": 4,
    "audit_seed": 17,
    "epochs": 15000,
    "omega_degrees": 270,
    "primary_protocol": {
      "activation_epoch": 1,
      "aggregate_boundary_points": false,
      "boundary_weight": 100.0,
      "coefficient_std": 0.1,
      "constraint_form": "literal",
      "deterministic_points": false,
      "dtype": "float32",
      "eta_c": 0.01,
      "eta_mu": 0.005,
      "exponent_perturbation_std": 0.1,
      "include_arc": true,
      "include_far_edge": true,
      "name": "appendix_literal",
      "sparsity_weight": 0.001
    },
    "primary_seeds": 3,
    "true_alpha": 0.6666666666666666
  },
  "constraint_form_audit": [
    {
      "arc_mse": 8.977873449111939e-07,
      "coefficient_dominant": 1.0004081726074219,
      "dominant_index": 3,
      "far_edge_mse": 2.3447417163424689e-07,
      "initial_mu": [
        1.3627029657363892,
        1.6868095397949219,
        2.506153106689453,
        0.3979681730270386
      ],
      "mu_dominant": 0.6664680242538452,
      "protocol": "appendix_literal",
      "relative_error_pct": 0.029796361923212222,
      "seed": 17,
      "sin_mu_omega": 0.0009360801805106698,
      "use_constraint": true
    },
    {
      "arc_mse": 3.189923916124826e-07,
      "coefficient_dominant": 1.0002384185791016,
      "dominant_index": 3,
      "far_edge_mse": 8.511263160926319e-08,
      "initial_mu": [
        1.3627029657363892,
        1.6868095397949219,
        2.506153106689453,
        0.3979681730270386
      ],
      "mu_dominant": 0.6665465831756592,
      "protocol": "normalized_detached",
      "relative_error_pct": 0.018012523651117496,
      "seed": 17,
      "sin_mu_omega": 0.000565880089548967,
      "use_constraint": true
    },
    {
      "arc_mse": 1.132677809323468e-07,
      "coefficient_dominant": 1.0001417398452759,
      "dominant_index": 3,
      "far_edge_mse": 3.066294596010266e-08,
      "initial_mu": [
        1.3627029657363892,
        1.6868095397949219,
        2.506153106689453,
        0.3979681730270386
      ],
      "mu_dominant": 0.6665958762168884,
      "protocol": "unweighted",
      "relative_error_pct": 0.010618567466730289,
      "seed": 17,
      "sin_mu_omega": 0.00033359212926414893,
      "use_constraint": true
    },
    {
      "arc_mse": 8.869674417155693e-08,
      "coefficient_dominant": 0.9862468838691711,
      "dominant_index": 3,
      "far_edge_mse": 2.178121860652027e-08,
      "initial_mu": [
        1.3627029657363892,
        1.6868095397949219,
        2.506153106689453,
        0.3979681730270386
      ],
      "mu_dominant": 0.6667249798774719,
      "protocol": "figure_delayed_epoch_2000",
      "relative_error_pct": 0.008746981620794125,
      "seed": 17,
      "sin_mu_omega": -0.00027479452855112087,
      "use_constraint": true
    }
  ],
  "headline_assessment": {
    "constraint_beats_primary_naive": true,
    "constraint_recovery_close_to_0_009_pct": true,
    "naive_14_6_pct_reproduced": false
  },
  "independent_harmonicity_check": {
    "cells": 36,
    "max_abs_laplacian": 2.485248120631667e-07,
    "method": "polar finite differences, independent of analytic cancellation"
  },
  "naive_interpretation_audit": {
    "error_pct": {
      "maximum": 300.0000476837159,
      "mean": 27.540338189747846,
      "median": 0.011822581291204282,
      "minimum": 0.00046060961091942687,
      "n": 11,
      "std": 90.36807285817758
    },
    "predeclared_count": 11,
    "reported_14_6_reproduced_within_2pp": false,
    "runs": [
      {
        "arc_mse": 5.452474383105255e-08,
        "coefficient_dominant": 0.9998970627784729,
        "dominant_index": 3,
        "far_edge_mse": 1.5790774909874017e-08,
        "initial_mu": [
          1.3627029657363892,
          1.6868095397949219,
          2.506153106689453,
          0.3979681730270386
        ],
        "mu_dominant": 0.6667318940162659,
        "protocol": "appendix_literal",
        "relative_error_pct": 0.009784102439885922,
        "seed": 17,
        "sin_mu_omega": -0.000307376638630613,
        "use_constraint": false
      },
      {
        "arc_mse": 5.335398327588337e-07,
        "coefficient_dominant": 0.7643303275108337,
        "dominant_index": 3,
        "far_edge_mse": 4.1987360077655467e-07,
        "initial_mu": [
          1.3627029657363892,
          1.6868095397949219,
          2.506153106689453,
          0.3979681730270386
        ],
        "mu_dominant": 0.6657825112342834,
        "protocol": "algorithm_c_std_0.01",
        "relative_error_pct": 0.13262331485747736,
        "seed": 17,
        "sin_mu_omega": 0.004166472261776378,
        "use_constraint": false
      },
      {
        "arc_mse": 3.96112342926358e-09,
        "coefficient_dominant": 0.9520052671432495,
        "dominant_index": 3,
        "far_edge_mse": 6.069916236306483e-10,
        "initial_mu": [
          1.359299659729004,
          1.651817798614502,
          2.5076053142547607,
          0.45920437574386597
        ],
        "mu_dominant": 0.6660755276679993,
        "protocol": "no_mu_perturbation",
        "relative_error_pct": 0.08867084980010431,
        "seed": 17,
        "sin_mu_omega": 0.0027856733003906483,
        "use_constraint": false
      },
      {
        "arc_mse": 2.2961210106586805e-06,
        "coefficient_dominant": 0.9914286136627197,
        "dominant_index": 3,
        "far_edge_mse": 2.1908621761212999e-07,
        "initial_mu": [
          1.3627029657363892,
          1.6868095397949219,
          2.506153106689453,
          0.3979681730270386
        ],
        "mu_dominant": 0.6667454838752747,
        "protocol": "uniform_collocation",
        "relative_error_pct": 0.011822581291204282,
        "seed": 17,
        "sin_mu_omega": -0.00037141733676919914,
        "use_constraint": false
      },
      {
        "arc_mse": 2.4284852315759053e-06,
        "coefficient_dominant": 0.9986107349395752,
        "dominant_index": 3,
        "far_edge_mse": 1.2615458899745136e-07,
        "initial_mu": [
          1.3627029657363892,
          1.6868095397949219,
          2.506153106689453,
          0.3979681730270386
        ],
        "mu_dominant": 0.6666867733001709,
        "protocol": "all_boundary_point_mean",
        "relative_error_pct": 0.0030159950256403167,
        "seed": 17,
        "sin_mu_omega": -9.475027801619007e-05,
        "use_constraint": false
      },
      {
        "arc_mse": 2.4622051952860602e-08,
        "coefficient_dominant": 0.9999723434448242,
        "dominant_index": 3,
        "far_edge_mse": 5.281454384942208e-09,
        "initial_mu": [
          1.3627029657363892,
          1.6868095397949219,
          2.506153106689453,
          0.3979681730270386
        ],
        "mu_dominant": 0.6666966676712036,
        "protocol": "no_sparsity",
        "relative_error_pct": 0.004500150680547543,
        "seed": 17,
        "sin_mu_omega": -0.00014137640270927123,
        "use_constraint": false
      },
      {
        "arc_mse": 4.3505909985697144e-08,
        "coefficient_dominant": 0.9999595880508423,
        "dominant_index": 3,
        "far_edge_mse": 7.357034537136542e-09,
        "initial_mu": [
          1.3627029657363892,
          1.6868095397949219,
          2.506153106689453,
          0.3979681730270386
        ],
        "mu_dominant": 0.666645884513855,
        "protocol": "slow_mu_0.1_ratio",
        "relative_error_pct": 0.0031173229217473786,
        "seed": 17,
        "sin_mu_omega": 9.793358774191144e-05,
        "use_constraint": false
      },
      {
        "arc_mse": 1.7759145976015134e-07,
        "coefficient_dominant": 0.7370424270629883,
        "dominant_index": 3,
        "far_edge_mse": 4.888575322326005e-09,
        "initial_mu": [
          1.3627029657363892,
          1.6868095397949219,
          2.506153106689453,
          0.3979681730270386
        ],
        "mu_dominant": 0.6663765907287598,
        "protocol": "unit_boundary_weight",